Loan_ID,Gender,Married,Dependents,Education,Self_Employed,ApplicantIncome,CoapplicantIncome,LoanAmount,Loan_Amount_Term,Credit_History,Property_Area,Loan_Status
LP001002,Male,No,0.0,Graduate,No,55849,50000.0,,360.0,1.0,Urban,Y
LP001003,Male,Yes,1.0,Graduate,No,54583,51508.0,128.0,360.0,1.0,Rural,N
LP001005,Male,Yes,0.0,Graduate,Yes,53000,50000.0,66.0,360.0,1.0,Urban,Y
LP001006,Male,Yes,0.0,Not Graduate,No,52583,52358.0,120.0,360.0,1.0,Urban,Y
LP001008,Male,No,0.0,Graduate,No,56000,50000.0,141.0,360.0,1.0,Urban,Y
LP001011,Male,Yes,2.0,Graduate,Yes,55417,54196.0,267.0,360.0,1.0,Urban,Y
LP001013,Male,Yes,0.0,Not Graduate,No,52333,51516.0,95.0,360.0,1.0,Urban,Y
LP001014,Male,Yes,3.0,Graduate,No,53036,52504.0,158.0,360.0,0.0,Semiurban,N
LP001018,Male,Yes,2.0,Graduate,No,54006,51526.0,168.0,360.0,1.0,Urban,Y
LP001020,Male,Yes,1.0,Graduate,No,62841,60968.0,349.0,360.0,1.0,Semiurban,N
LP001024,Male,Yes,2.0,Graduate,No,53200,50700.0,70.0,360.0,1.0,Urban,Y
LP001027,Male,Yes,2.0,Graduate,Yes,52500,51840.0,109.0,360.0,1.0,Urban,Y
LP001028,Male,Yes,2.0,Graduate,No,53073,58106.0,200.0,360.0,1.0,Urban,Y
LP001029,Male,No,0.0,Graduate,No,51853,52840.0,114.0,360.0,1.0,Rural,N
LP001030,Male,Yes,2.0,Graduate,No,51299,51086.0,17.0,120.0,1.0,Urban,Y
LP001032,Male,No,0.0,Graduate,No,54950,50000.0,125.0,360.0,1.0,Urban,Y
LP001034,Male,No,1.0,Not Graduate,No,53596,50000.0,100.0,240.0,,Urban,Y
LP001036,Female,No,0.0,Graduate,No,53510,50000.0,76.0,360.0,0.0,Urban,N
LP001038,Male,Yes,0.0,Not Graduate,No,54887,50000.0,133.0,360.0,1.0,Rural,N
LP001041,Male,Yes,0.0,Graduate,Yes,52600,53500.0,115.0,,1.0,Urban,Y
LP001043,Male,Yes,0.0,Not Graduate,No,57660,50000.0,104.0,360.0,0.0,Urban,N
LP001046,Male,Yes,1.0,Graduate,No,55955,55625.0,315.0,360.0,1.0,Urban,Y
LP001047,Male,Yes,0.0,Not Graduate,No,52600,51911.0,116.0,360.0,0.0,Semiurban,N
LP001052,Male,Yes,1.0,Graduate,Yes,53717,52925.0,151.0,360.0,,Semiurban,N
LP001066,Male,Yes,0.0,Graduate,Yes,59560,50000.0,191.0,360.0,1.0,Semiurban,Y
LP001068,Male,Yes,0.0,Graduate,No,52799,52253.0,122.0,360.0,1.0,Semiurban,Y
LP001073,Male,Yes,2.0,Not Graduate,No,54226,51040.0,110.0,360.0,1.0,Urban,Y
LP001086,Male,No,0.0,Not Graduate,No,51442,50000.0,35.0,360.0,1.0,Urban,N
LP001087,Female,No,2.0,Graduate,Yes,53750,52083.0,120.0,360.0,1.0,Semiurban,Y
LP001091,Male,Yes,1.0,Graduate,Yes,54166,53369.0,201.0,360.0,,Urban,N
LP001095,Male,No,0.0,Graduate,No,53167,50000.0,74.0,360.0,1.0,Urban,N
LP001097,Male,No,1.0,Graduate,Yes,54692,50000.0,106.0,360.0,1.0,Rural,N
LP001098,Male,Yes,0.0,Graduate,No,53500,51667.0,114.0,360.0,1.0,Semiurban,Y
LP001100,Male,No,3.0,Graduate,No,62500,53000.0,320.0,360.0,1.0,Rural,N
LP001106,Male,Yes,0.0,Graduate,No,52275,52067.0,,360.0,1.0,Urban,Y
LP001109,Male,Yes,0.0,Graduate,No,51828,51330.0,100.0,,0.0,Urban,N
LP001112,Female,Yes,0.0,Graduate,No,53667,51459.0,144.0,360.0,1.0,Semiurban,Y
LP001114,Male,No,0.0,Graduate,No,54166,57210.0,184.0,360.0,1.0,Urban,Y
LP001116,Male,No,0.0,Not Graduate,No,53748,51668.0,110.0,360.0,1.0,Semiurban,Y
LP001119,Male,No,0.0,Graduate,No,53600,50000.0,80.0,360.0,1.0,Urban,N
LP001120,Male,No,0.0,Graduate,No,51800,51213.0,47.0,360.0,1.0,Urban,Y
LP001123,Male,Yes,0.0,Graduate,No,52400,50000.0,75.0,360.0,,Urban,Y
LP001131,Male,Yes,0.0,Graduate,No,53941,52336.0,134.0,360.0,1.0,Semiurban,Y
LP001136,Male,Yes,0.0,Not Graduate,Yes,54695,50000.0,96.0,,1.0,Urban,Y
LP001137,Female,No,0.0,Graduate,No,53410,50000.0,88.0,,1.0,Urban,Y
LP001138,Male,Yes,1.0,Graduate,No,55649,50000.0,44.0,360.0,1.0,Urban,Y
LP001144,Male,Yes,0.0,Graduate,No,55821,50000.0,144.0,360.0,1.0,Urban,Y
LP001146,Female,Yes,0.0,Graduate,No,52645,53440.0,120.0,360.0,0.0,Urban,N
LP001151,Female,No,0.0,Graduate,No,54000,52275.0,144.0,360.0,1.0,Semiurban,Y
LP001155,Female,Yes,0.0,Not Graduate,No,51928,51644.0,100.0,360.0,1.0,Semiurban,Y
LP001157,Female,No,0.0,Graduate,No,53086,50000.0,120.0,360.0,1.0,Semiurban,Y
LP001164,Female,No,0.0,Graduate,No,54230,50000.0,112.0,360.0,1.0,Semiurban,N
LP001179,Male,Yes,2.0,Graduate,No,54616,50000.0,134.0,360.0,1.0,Urban,N
LP001186,Female,Yes,1.0,Graduate,Yes,61500,50000.0,286.0,360.0,0.0,Urban,N
LP001194,Male,Yes,2.0,Graduate,No,52708,51167.0,97.0,360.0,1.0,Semiurban,Y
LP001195,Male,Yes,0.0,Graduate,No,52132,51591.0,96.0,360.0,1.0,Semiurban,Y
LP001197,Male,Yes,0.0,Graduate,No,53366,52200.0,135.0,360.0,1.0,Rural,N
LP001198,Male,Yes,1.0,Graduate,No,58080,52250.0,180.0,360.0,1.0,Urban,Y
LP001199,Male,Yes,2.0,Not Graduate,No,53357,52859.0,144.0,360.0,1.0,Urban,Y
LP001205,Male,Yes,0.0,Graduate,No,52500,53796.0,120.0,360.0,1.0,Urban,Y
LP001206,Male,Yes,3.0,Graduate,No,53029,50000.0,99.0,360.0,1.0,Urban,Y
LP001207,Male,Yes,0.0,Not Graduate,Yes,52609,53449.0,165.0,180.0,0.0,Rural,N
LP001213,Male,Yes,1.0,Graduate,No,54945,50000.0,,360.0,0.0,Rural,N
LP001222,Female,No,0.0,Graduate,No,54166,50000.0,116.0,360.0,0.0,Semiurban,N
LP001225,Male,Yes,0.0,Graduate,No,55726,54595.0,258.0,360.0,1.0,Semiurban,N
LP001228,Male,No,0.0,Not Graduate,No,53200,52254.0,126.0,180.0,0.0,Urban,N
LP001233,Male,Yes,1.0,Graduate,No,60750,50000.0,312.0,360.0,1.0,Urban,Y
LP001238,Male,Yes,3.0,Not Graduate,Yes,57100,50000.0,125.0,60.0,1.0,Urban,Y
LP001241,Female,No,0.0,Graduate,No,54300,50000.0,136.0,360.0,0.0,Semiurban,N
LP001243,Male,Yes,0.0,Graduate,No,53208,53066.0,172.0,360.0,1.0,Urban,Y
LP001245,Male,Yes,2.0,Not Graduate,Yes,51875,51875.0,97.0,360.0,1.0,Semiurban,Y
LP001248,Male,No,0.0,Graduate,No,53500,50000.0,81.0,300.0,1.0,Semiurban,Y
LP001250,Male,Yes,3.0,Not Graduate,No,54755,50000.0,95.0,,0.0,Semiurban,N
LP001253,Male,Yes,3.0,Graduate,Yes,55266,51774.0,187.0,360.0,1.0,Semiurban,Y
LP001255,Male,No,0.0,Graduate,No,53750,50000.0,113.0,480.0,1.0,Urban,N
LP001256,Male,No,0.0,Graduate,No,53750,54750.0,176.0,360.0,1.0,Urban,N
LP001259,Male,Yes,1.0,Graduate,Yes,51000,53022.0,110.0,360.0,1.0,Urban,N
LP001263,Male,Yes,3.0,Graduate,No,53167,54000.0,180.0,300.0,0.0,Semiurban,N
LP001264,Male,Yes,3.0,Not Graduate,Yes,53333,52166.0,130.0,360.0,,Semiurban,Y
LP001265,Female,No,0.0,Graduate,No,53846,50000.0,111.0,360.0,1.0,Semiurban,Y
LP001266,Male,Yes,1.0,Graduate,Yes,52395,50000.0,,360.0,1.0,Semiurban,Y
LP001267,Female,Yes,2.0,Graduate,No,51378,51881.0,167.0,360.0,1.0,Urban,N
LP001273,Male,Yes,0.0,Graduate,No,56000,52250.0,265.0,360.0,,Semiurban,N
LP001275,Male,Yes,1.0,Graduate,No,53988,50000.0,50.0,240.0,1.0,Urban,Y
LP001279,Male,No,0.0,Graduate,No,52366,52531.0,136.0,360.0,1.0,Semiurban,Y
LP001280,Male,Yes,2.0,Not Graduate,No,53333,52000.0,99.0,360.0,,Semiurban,Y
LP001282,Male,Yes,0.0,Graduate,No,52500,52118.0,104.0,360.0,1.0,Semiurban,Y
LP001289,Male,No,0.0,Graduate,No,58566,50000.0,210.0,360.0,1.0,Urban,Y
LP001310,Male,Yes,0.0,Graduate,No,55695,54167.0,175.0,360.0,1.0,Semiurban,Y
LP001316,Male,Yes,0.0,Graduate,No,52958,52900.0,131.0,360.0,1.0,Semiurban,Y
LP001318,Male,Yes,2.0,Graduate,No,56250,55654.0,188.0,180.0,1.0,Semiurban,Y
LP001319,Male,Yes,2.0,Not Graduate,No,53273,51820.0,81.0,360.0,1.0,Urban,Y
LP001322,Male,No,0.0,Graduate,No,54133,50000.0,122.0,360.0,1.0,Semiurban,Y
LP001325,Male,No,0.0,Not Graduate,No,53620,50000.0,25.0,120.0,1.0,Semiurban,Y
LP001326,Male,No,0.0,Graduate,Yes,56782,50000.0,,360.0,,Urban,N
LP001327,Female,Yes,0.0,Graduate,No,52484,52302.0,137.0,360.0,1.0,Semiurban,Y
LP001333,Male,Yes,0.0,Graduate,No,51977,50997.0,50.0,360.0,1.0,Semiurban,Y
LP001334,Male,Yes,0.0,Not Graduate,No,54188,50000.0,115.0,180.0,1.0,Semiurban,Y
LP001343,Male,Yes,0.0,Graduate,No,51759,53541.0,131.0,360.0,1.0,Semiurban,Y
LP001345,Male,Yes,2.0,Not Graduate,No,54288,53263.0,133.0,180.0,1.0,Urban,Y
LP001349,Male,No,0.0,Graduate,No,54843,53806.0,151.0,360.0,1.0,Semiurban,Y
LP001350,Male,Yes,,Graduate,No,63650,50000.0,,360.0,1.0,Urban,Y
LP001356,Male,Yes,0.0,Graduate,No,54652,53583.0,,360.0,1.0,Semiurban,Y
LP001367,Male,Yes,1.0,Graduate,No,53052,51030.0,100.0,360.0,1.0,Urban,Y
LP001369,Male,Yes,2.0,Graduate,No,61417,51126.0,225.0,360.0,1.0,Urban,Y
LP001370,Male,No,0.0,Not Graduate,Yes,57333,50000.0,120.0,360.0,1.0,Rural,N
LP001379,Male,Yes,2.0,Graduate,No,53800,53600.0,216.0,360.0,0.0,Urban,N
LP001384,Male,Yes,3.0,Not Graduate,No,52071,50754.0,94.0,480.0,1.0,Semiurban,Y
LP001385,Male,No,0.0,Graduate,No,55316,50000.0,136.0,360.0,1.0,Urban,Y
LP001387,Female,Yes,0.0,Graduate,Yes,52929,52333.0,139.0,360.0,1.0,Semiurban,Y
LP001391,Male,Yes,0.0,Not Graduate,No,53572,54114.0,152.0,,0.0,Rural,N
LP001392,Female,No,1.0,Graduate,Yes,57451,50000.0,,360.0,1.0,Semiurban,Y
LP001398,Male,No,0.0,Graduate,Yes,55050,50000.0,118.0,360.0,1.0,Semiurban,Y
LP001401,Male,Yes,1.0,Graduate,No,64583,50000.0,185.0,180.0,1.0,Rural,Y
LP001404,Female,Yes,0.0,Graduate,No,53167,52283.0,154.0,360.0,1.0,Semiurban,Y
LP001405,Male,Yes,1.0,Graduate,No,52214,51398.0,85.0,360.0,,Urban,Y
LP001421,Male,Yes,0.0,Graduate,No,55568,52142.0,175.0,360.0,1.0,Rural,N
LP001422,Female,No,0.0,Graduate,No,60408,50000.0,259.0,360.0,1.0,Urban,Y
LP001426,Male,Yes,,Graduate,No,55667,52667.0,180.0,360.0,1.0,Rural,Y
LP001430,Female,No,0.0,Graduate,No,54166,50000.0,44.0,360.0,1.0,Semiurban,Y
LP001431,Female,No,0.0,Graduate,No,52137,58980.0,137.0,360.0,0.0,Semiurban,Y
LP001432,Male,Yes,2.0,Graduate,No,52957,50000.0,81.0,360.0,1.0,Semiurban,Y
LP001439,Male,Yes,0.0,Not Graduate,No,54300,52014.0,194.0,360.0,1.0,Rural,Y
LP001443,Female,No,0.0,Graduate,No,53692,50000.0,93.0,360.0,,Rural,Y
LP001449,Male,No,0.0,Graduate,No,53865,51640.0,,360.0,1.0,Rural,Y
LP001451,Male,Yes,1.0,Graduate,Yes,60513,53850.0,160.0,180.0,0.0,Urban,N
LP001465,Male,Yes,0.0,Graduate,No,56080,52569.0,182.0,360.0,,Rural,N
LP001469,Male,No,0.0,Graduate,Yes,70166,50000.0,650.0,480.0,,Urban,Y
LP001473,Male,No,0.0,Graduate,No,52014,51929.0,74.0,360.0,1.0,Urban,Y
LP001478,Male,No,0.0,Graduate,No,52718,50000.0,70.0,360.0,1.0,Semiurban,Y
LP001482,Male,Yes,0.0,Graduate,Yes,53459,50000.0,25.0,120.0,1.0,Semiurban,Y
LP001487,Male,No,0.0,Graduate,No,54895,50000.0,102.0,360.0,1.0,Semiurban,Y
LP001488,Male,Yes,3.0,Graduate,No,54000,57750.0,290.0,360.0,1.0,Semiurban,N
LP001489,Female,Yes,0.0,Graduate,No,54583,50000.0,84.0,360.0,1.0,Rural,N
LP001491,Male,Yes,2.0,Graduate,Yes,53316,53500.0,88.0,360.0,1.0,Urban,Y
LP001492,Male,No,0.0,Graduate,No,64999,50000.0,242.0,360.0,0.0,Semiurban,N
LP001493,Male,Yes,2.0,Not Graduate,No,54200,51430.0,129.0,360.0,1.0,Rural,N
LP001497,Male,Yes,2.0,Graduate,No,55042,52083.0,185.0,360.0,1.0,Rural,N
LP001498,Male,No,0.0,Graduate,No,55417,50000.0,168.0,360.0,1.0,Urban,Y
LP001504,Male,No,0.0,Graduate,Yes,56950,50000.0,175.0,180.0,1.0,Semiurban,Y
LP001507,Male,Yes,0.0,Graduate,No,52698,52034.0,122.0,360.0,1.0,Semiurban,Y
LP001508,Male,Yes,2.0,Graduate,No,61757,50000.0,187.0,180.0,1.0,Urban,Y
LP001514,Female,Yes,0.0,Graduate,No,52330,54486.0,100.0,360.0,1.0,Semiurban,Y
LP001516,Female,Yes,2.0,Graduate,No,64866,50000.0,70.0,360.0,1.0,Urban,Y
LP001518,Male,Yes,1.0,Graduate,No,51538,51425.0,30.0,360.0,1.0,Urban,Y
LP001519,Female,No,0.0,Graduate,No,60000,51666.0,225.0,360.0,1.0,Rural,N
LP001520,Male,Yes,0.0,Graduate,No,54860,50830.0,125.0,360.0,1.0,Semiurban,Y
LP001528,Male,No,0.0,Graduate,No,56277,50000.0,118.0,360.0,0.0,Rural,N
LP001529,Male,Yes,0.0,Graduate,Yes,52577,53750.0,152.0,360.0,1.0,Rural,Y
LP001531,Male,No,0.0,Graduate,No,59166,50000.0,244.0,360.0,1.0,Urban,N
LP001532,Male,Yes,2.0,Not Graduate,No,52281,50000.0,113.0,360.0,1.0,Rural,N
LP001535,Male,No,0.0,Graduate,No,53254,50000.0,50.0,360.0,1.0,Urban,Y
LP001536,Male,Yes,3.0,Graduate,No,89999,50000.0,600.0,180.0,0.0,Semiurban,Y
LP001541,Male,Yes,1.0,Graduate,No,56000,50000.0,160.0,360.0,,Rural,Y
LP001543,Male,Yes,1.0,Graduate,No,59538,50000.0,187.0,360.0,1.0,Urban,Y
LP001546,Male,No,0.0,Graduate,Yes,52980,52083.0,120.0,360.0,1.0,Rural,Y
LP001552,Male,Yes,0.0,Graduate,No,54583,55625.0,255.0,360.0,1.0,Semiurban,Y
LP001560,Male,Yes,0.0,Not Graduate,No,51863,51041.0,98.0,360.0,1.0,Semiurban,Y
LP001562,Male,Yes,0.0,Graduate,No,57933,50000.0,275.0,360.0,1.0,Urban,N
LP001565,Male,Yes,1.0,Graduate,No,53089,51280.0,121.0,360.0,0.0,Semiurban,N
LP001570,Male,Yes,2.0,Graduate,No,54167,51447.0,158.0,360.0,1.0,Rural,Y
LP001572,Male,Yes,0.0,Graduate,No,59323,50000.0,75.0,180.0,1.0,Urban,Y
LP001574,Male,Yes,0.0,Graduate,No,53707,53166.0,182.0,,1.0,Rural,Y
LP001577,Female,Yes,0.0,Graduate,No,54583,50000.0,112.0,360.0,1.0,Rural,N
LP001578,Male,Yes,0.0,Graduate,No,52439,53333.0,129.0,360.0,1.0,Rural,Y
LP001579,Male,No,0.0,Graduate,No,52237,50000.0,63.0,480.0,0.0,Semiurban,N
LP001580,Male,Yes,2.0,Graduate,No,58000,50000.0,200.0,360.0,1.0,Semiurban,Y
LP001581,Male,Yes,0.0,Not Graduate,Yes,51820,51769.0,95.0,360.0,1.0,Rural,Y
LP001586,Male,Yes,3.0,Not Graduate,No,53522,50000.0,81.0,180.0,1.0,Rural,N
LP001594,Male,Yes,0.0,Graduate,No,55708,55625.0,187.0,360.0,1.0,Semiurban,Y
LP001603,Male,Yes,0.0,Not Graduate,Yes,54344,50736.0,87.0,360.0,1.0,Semiurban,N
LP001606,Male,Yes,0.0,Graduate,No,53497,51964.0,116.0,360.0,1.0,Rural,Y
LP001608,Male,Yes,2.0,Graduate,No,52045,51619.0,101.0,360.0,1.0,Rural,Y
LP001610,Male,Yes,3.0,Graduate,No,55516,61300.0,495.0,360.0,0.0,Semiurban,N
LP001616,Male,Yes,1.0,Graduate,No,53750,50000.0,116.0,360.0,1.0,Semiurban,Y
LP001630,Male,No,0.0,Not Graduate,No,52333,51451.0,102.0,480.0,0.0,Urban,N
LP001633,Male,Yes,1.0,Graduate,No,56400,57250.0,180.0,360.0,0.0,Urban,N
LP001634,Male,No,0.0,Graduate,No,51916,55063.0,67.0,360.0,,Rural,N
LP001636,Male,Yes,0.0,Graduate,No,54600,50000.0,73.0,180.0,1.0,Semiurban,Y
LP001637,Male,Yes,1.0,Graduate,No,83846,50000.0,260.0,360.0,1.0,Semiurban,N
LP001639,Female,Yes,0.0,Graduate,No,53625,50000.0,108.0,360.0,1.0,Semiurban,Y
LP001640,Male,Yes,0.0,Graduate,Yes,89147,54750.0,120.0,360.0,1.0,Semiurban,Y
LP001641,Male,Yes,1.0,Graduate,Yes,52178,50000.0,66.0,300.0,0.0,Rural,N
LP001643,Male,Yes,0.0,Graduate,No,52383,52138.0,58.0,360.0,,Rural,Y
LP001647,Male,Yes,0.0,Graduate,No,59328,50000.0,188.0,180.0,1.0,Rural,Y
LP001653,Male,No,0.0,Not Graduate,No,54885,50000.0,48.0,360.0,1.0,Rural,Y
LP001656,Male,No,0.0,Graduate,No,62000,50000.0,164.0,360.0,1.0,Semiurban,N
LP001657,Male,Yes,0.0,Not Graduate,No,56033,50000.0,160.0,360.0,1.0,Urban,N
LP001658,Male,No,0.0,Graduate,No,53858,50000.0,76.0,360.0,1.0,Semiurban,Y
LP001664,Male,No,0.0,Graduate,No,54191,50000.0,120.0,360.0,1.0,Rural,Y
LP001665,Male,Yes,1.0,Graduate,No,53125,52583.0,170.0,360.0,1.0,Semiurban,N
LP001666,Male,No,0.0,Graduate,No,58333,53750.0,187.0,360.0,1.0,Rural,Y
LP001669,Female,No,0.0,Not Graduate,No,51907,52365.0,120.0,,1.0,Urban,Y
LP001671,Female,Yes,0.0,Graduate,No,53416,52816.0,113.0,360.0,,Semiurban,Y
LP001673,Male,No,0.0,Graduate,Yes,61000,50000.0,83.0,360.0,1.0,Urban,N
LP001674,Male,Yes,1.0,Not Graduate,No,52600,52500.0,90.0,360.0,1.0,Semiurban,Y
LP001677,Male,No,2.0,Graduate,No,54923,50000.0,166.0,360.0,0.0,Semiurban,Y
LP001682,Male,Yes,3.0,Not Graduate,No,53992,50000.0,,180.0,1.0,Urban,N
LP001688,Male,Yes,1.0,Not Graduate,No,53500,51083.0,135.0,360.0,1.0,Urban,Y
LP001691,Male,Yes,2.0,Not Graduate,No,53917,50000.0,124.0,360.0,1.0,Semiurban,Y
LP001692,Female,No,0.0,Not Graduate,No,54408,50000.0,120.0,360.0,1.0,Semiurban,Y
LP001693,Female,No,0.0,Graduate,No,53244,50000.0,80.0,360.0,1.0,Urban,Y
LP001698,Male,No,0.0,Not Graduate,No,53975,52531.0,55.0,360.0,1.0,Rural,Y
LP001699,Male,No,0.0,Graduate,No,52479,50000.0,59.0,360.0,1.0,Urban,Y
LP001702,Male,No,0.0,Graduate,No,53418,50000.0,127.0,360.0,1.0,Semiurban,N
LP001708,Female,No,0.0,Graduate,No,60000,50000.0,214.0,360.0,1.0,Semiurban,N
LP001711,Male,Yes,3.0,Graduate,No,53430,51250.0,128.0,360.0,0.0,Semiurban,N
LP001713,Male,Yes,1.0,Graduate,Yes,57787,50000.0,240.0,360.0,1.0,Urban,Y
LP001715,Male,Yes,3.0,Not Graduate,Yes,55703,50000.0,130.0,360.0,1.0,Rural,Y
LP001716,Male,Yes,0.0,Graduate,No,53173,53021.0,137.0,360.0,1.0,Urban,Y
LP001720,Male,Yes,3.0,Not Graduate,No,53850,50983.0,100.0,360.0,1.0,Semiurban,Y
LP001722,Male,Yes,0.0,Graduate,No,50150,51800.0,135.0,360.0,1.0,Rural,N
LP001726,Male,Yes,0.0,Graduate,No,53727,51775.0,131.0,360.0,1.0,Semiurban,Y
LP001732,Male,Yes,2.0,Graduate,Yes,55000,50000.0,72.0,360.0,0.0,Semiurban,N
LP001734,Female,Yes,2.0,Graduate,No,54283,52383.0,127.0,360.0,,Semiurban,Y
LP001736,Male,Yes,0.0,Graduate,No,52221,50000.0,60.0,360.0,0.0,Urban,N
LP001743,Male,Yes,2.0,Graduate,No,54009,51717.0,116.0,360.0,1.0,Semiurban,Y
LP001744,Male,No,0.0,Graduate,No,52971,52791.0,144.0,360.0,1.0,Semiurban,Y
LP001749,Male,Yes,0.0,Graduate,No,57578,51010.0,175.0,,1.0,Semiurban,Y
LP001750,Male,Yes,0.0,Graduate,No,56250,50000.0,128.0,360.0,1.0,Semiurban,Y
LP001751,Male,Yes,0.0,Graduate,No,53250,50000.0,170.0,360.0,1.0,Rural,N
LP001754,Male,Yes,,Not Graduate,Yes,54735,50000.0,138.0,360.0,1.0,Urban,N
LP001758,Male,Yes,2.0,Graduate,No,56250,51695.0,210.0,360.0,1.0,Semiurban,Y
LP001761,Male,No,0.0,Graduate,Yes,56400,50000.0,200.0,360.0,1.0,Rural,Y
LP001765,Male,Yes,1.0,Graduate,No,52491,52054.0,104.0,360.0,1.0,Semiurban,Y
LP001768,Male,Yes,0.0,Graduate,Yes,53716,50000.0,42.0,180.0,1.0,Rural,Y
LP001770,Male,No,0.0,Not Graduate,No,53189,52598.0,120.0,,1.0,Rural,Y
LP001776,Female,No,0.0,Graduate,No,58333,50000.0,280.0,360.0,1.0,Semiurban,Y
LP001778,Male,Yes,1.0,Graduate,No,53155,51779.0,140.0,360.0,1.0,Semiurban,Y
LP001784,Male,Yes,1.0,Graduate,No,55500,51260.0,170.0,360.0,1.0,Rural,Y
LP001786,Male,Yes,0.0,Graduate,Yes,55746,50000.0,255.0,360.0,,Urban,N
LP001788,Female,No,0.0,Graduate,Yes,53463,50000.0,122.0,360.0,,Urban,Y
LP001790,Female,No,1.0,Graduate,No,53812,50000.0,112.0,360.0,1.0,Rural,Y
LP001792,Male,Yes,1.0,Graduate,No,53315,50000.0,96.0,360.0,1.0,Semiurban,Y
LP001798,Male,Yes,2.0,Graduate,No,55819,55000.0,120.0,360.0,1.0,Rural,Y
LP001800,Male,Yes,1.0,Not Graduate,No,52510,51983.0,140.0,180.0,1.0,Urban,N
LP001806,Male,No,0.0,Graduate,No,52965,55701.0,155.0,60.0,1.0,Urban,Y
LP001807,Male,Yes,2.0,Graduate,Yes,56250,51300.0,108.0,360.0,1.0,Rural,Y
LP001811,Male,Yes,0.0,Not Graduate,No,53406,54417.0,123.0,360.0,1.0,Semiurban,Y
LP001813,Male,No,0.0,Graduate,Yes,56050,54333.0,120.0,180.0,1.0,Urban,N
LP001814,Male,Yes,2.0,Graduate,No,59703,50000.0,112.0,360.0,1.0,Urban,Y
LP001819,Male,Yes,1.0,Not Graduate,No,56608,50000.0,137.0,180.0,1.0,Urban,Y
LP001824,Male,Yes,1.0,Graduate,No,52882,51843.0,123.0,480.0,1.0,Semiurban,Y
LP001825,Male,Yes,0.0,Graduate,No,51809,51868.0,90.0,360.0,1.0,Urban,Y
LP001835,Male,Yes,0.0,Not Graduate,No,51668,53890.0,201.0,360.0,0.0,Semiurban,N
LP001836,Female,No,2.0,Graduate,No,53427,50000.0,138.0,360.0,1.0,Urban,N
LP001841,Male,No,0.0,Not Graduate,Yes,52583,52167.0,104.0,360.0,1.0,Rural,Y
LP001843,Male,Yes,1.0,Not Graduate,No,52661,57101.0,279.0,180.0,1.0,Semiurban,Y
LP001844,Male,No,0.0,Graduate,Yes,66250,50000.0,192.0,360.0,0.0,Urban,N
LP001846,Female,No,3.0,Graduate,No,53083,50000.0,255.0,360.0,1.0,Rural,Y
LP001849,Male,No,0.0,Not Graduate,No,56045,50000.0,115.0,360.0,0.0,Rural,N
LP001854,Male,Yes,3.0,Graduate,No,55250,50000.0,94.0,360.0,1.0,Urban,N
LP001859,Male,Yes,0.0,Graduate,No,64683,52100.0,304.0,360.0,1.0,Rural,N
LP001864,Male,Yes,3.0,Not Graduate,No,54931,50000.0,128.0,360.0,,Semiurban,N
LP001865,Male,Yes,1.0,Graduate,No,56083,54250.0,330.0,360.0,,Urban,Y
LP001868,Male,No,0.0,Graduate,No,52060,52209.0,134.0,360.0,1.0,Semiurban,Y
LP001870,Female,No,1.0,Graduate,No,53481,50000.0,155.0,36.0,1.0,Semiurban,N
LP001871,Female,No,0.0,Graduate,No,57200,50000.0,120.0,360.0,1.0,Rural,Y
LP001872,Male,No,0.0,Graduate,Yes,55166,50000.0,128.0,360.0,1.0,Semiurban,Y
LP001875,Male,No,0.0,Graduate,No,54095,53447.0,151.0,360.0,1.0,Rural,Y
LP001877,Male,Yes,2.0,Graduate,No,54708,51387.0,150.0,360.0,1.0,Semiurban,Y
LP001882,Male,Yes,3.0,Graduate,No,54333,51811.0,160.0,360.0,0.0,Urban,Y
LP001883,Female,No,0.0,Graduate,Yes,53418,50000.0,135.0,360.0,1.0,Rural,N
LP001884,Female,No,1.0,Graduate,No,52876,51560.0,90.0,360.0,1.0,Urban,Y
LP001888,Female,No,0.0,Graduate,No,53237,50000.0,30.0,360.0,1.0,Urban,Y
LP001891,Male,Yes,0.0,Graduate,No,61146,50000.0,136.0,360.0,1.0,Urban,Y
LP001892,Male,No,0.0,Graduate,No,52833,51857.0,126.0,360.0,1.0,Rural,Y
LP001894,Male,Yes,0.0,Graduate,No,52620,52223.0,150.0,360.0,1.0,Semiurban,Y
LP001896,Male,Yes,2.0,Graduate,No,53900,50000.0,90.0,360.0,1.0,Semiurban,Y
LP001900,Male,Yes,1.0,Graduate,No,52750,51842.0,115.0,360.0,1.0,Semiurban,Y
LP001903,Male,Yes,0.0,Graduate,No,53993,53274.0,207.0,360.0,1.0,Semiurban,Y
LP001904,Male,Yes,0.0,Graduate,No,53103,51300.0,80.0,360.0,1.0,Urban,Y
LP001907,Male,Yes,0.0,Graduate,No,64583,50000.0,436.0,360.0,1.0,Semiurban,Y
LP001908,Female,Yes,0.0,Not Graduate,No,54100,50000.0,124.0,360.0,,Rural,Y
LP001910,Male,No,1.0,Not Graduate,Yes,54053,52426.0,158.0,360.0,0.0,Urban,N
LP001914,Male,Yes,0.0,Graduate,No,53927,50800.0,112.0,360.0,1.0,Semiurban,Y
LP001915,Male,Yes,2.0,Graduate,No,52301,50985.7999878,78.0,180.0,1.0,Urban,Y
LP001917,Female,No,0.0,Graduate,No,51811,51666.0,54.0,360.0,1.0,Urban,Y
LP001922,Male,Yes,0.0,Graduate,No,70667,50000.0,,360.0,1.0,Rural,N
LP001924,Male,No,0.0,Graduate,No,53158,53053.0,89.0,360.0,1.0,Rural,Y
LP001925,Female,No,0.0,Graduate,Yes,52600,51717.0,99.0,300.0,1.0,Semiurban,N
LP001926,Male,Yes,0.0,Graduate,No,53704,52000.0,120.0,360.0,1.0,Rural,Y
LP001931,Female,No,0.0,Graduate,No,54124,50000.0,115.0,360.0,1.0,Semiurban,Y
LP001935,Male,No,0.0,Graduate,No,59508,50000.0,187.0,360.0,1.0,Rural,Y
LP001936,Male,Yes,0.0,Graduate,No,53075,52416.0,139.0,360.0,1.0,Rural,Y
LP001938,Male,Yes,2.0,Graduate,No,54400,50000.0,127.0,360.0,0.0,Semiurban,N
LP001940,Male,Yes,2.0,Graduate,No,53153,51560.0,134.0,360.0,1.0,Urban,Y
LP001945,Female,No,,Graduate,No,55417,50000.0,143.0,480.0,0.0,Urban,N
LP001947,Male,Yes,0.0,Graduate,No,52383,53334.0,172.0,360.0,1.0,Semiurban,Y
LP001949,Male,Yes,3.0,Graduate,Yes,54416,51250.0,110.0,360.0,1.0,Urban,Y
LP001953,Male,Yes,1.0,Graduate,No,56875,50000.0,200.0,360.0,1.0,Semiurban,Y
LP001954,Female,Yes,1.0,Graduate,No,54666,50000.0,135.0,360.0,1.0,Urban,Y
LP001955,Female,No,0.0,Graduate,No,55000,52541.0,151.0,480.0,1.0,Rural,N
LP001963,Male,Yes,1.0,Graduate,No,52014,52925.0,113.0,360.0,1.0,Urban,N
LP001964,Male,Yes,0.0,Not Graduate,No,51800,52934.0,93.0,360.0,0.0,Urban,N
LP001972,Male,Yes,,Not Graduate,No,52875,51750.0,105.0,360.0,1.0,Semiurban,Y
LP001974,Female,No,0.0,Graduate,No,55000,50000.0,132.0,360.0,1.0,Rural,Y
LP001977,Male,Yes,1.0,Graduate,No,51625,51803.0,96.0,360.0,1.0,Urban,Y
LP001978,Male,No,0.0,Graduate,No,54000,52500.0,140.0,360.0,1.0,Rural,Y
LP001990,Male,No,0.0,Not Graduate,No,52000,50000.0,,360.0,1.0,Urban,N
LP001993,Female,No,0.0,Graduate,No,53762,51666.0,135.0,360.0,1.0,Rural,Y
LP001994,Female,No,0.0,Graduate,No,52400,51863.0,104.0,360.0,0.0,Urban,N
LP001996,Male,No,0.0,Graduate,No,70233,50000.0,480.0,360.0,1.0,Rural,N
LP001998,Male,Yes,2.0,Not Graduate,No,57667,50000.0,185.0,360.0,,Rural,Y
LP002002,Female,No,0.0,Graduate,No,52917,50000.0,84.0,360.0,1.0,Semiurban,Y
LP002004,Male,No,0.0,Not Graduate,No,52927,52405.0,111.0,360.0,1.0,Semiurban,Y
LP002006,Female,No,0.0,Graduate,No,52507,50000.0,56.0,360.0,1.0,Rural,Y
LP002008,Male,Yes,2.0,Graduate,Yes,55746,50000.0,144.0,84.0,,Rural,Y
LP002031,Male,Yes,1.0,Not Graduate,No,53399,51640.0,111.0,180.0,1.0,Urban,Y
LP002035,Male,Yes,2.0,Graduate,No,53717,50000.0,120.0,360.0,1.0,Semiurban,Y
LP002036,Male,Yes,0.0,Graduate,No,52058,52134.0,88.0,360.0,,Urban,Y
LP002043,Female,No,1.0,Graduate,No,53541,50000.0,112.0,360.0,,Semiurban,Y
LP002050,Male,Yes,1.0,Graduate,Yes,60000,50000.0,155.0,360.0,1.0,Rural,N
LP002051,Male,Yes,0.0,Graduate,No,52400,52167.0,115.0,360.0,1.0,Semiurban,Y
LP002053,Male,Yes,3.0,Graduate,No,54342,50189.0,124.0,360.0,1.0,Semiurban,Y
LP002054,Male,Yes,2.0,Not Graduate,No,53601,51590.0,,360.0,1.0,Rural,Y
LP002055,Female,No,0.0,Graduate,No,53166,52985.0,132.0,360.0,,Rural,Y
LP002065,Male,Yes,3.0,Graduate,No,65000,50000.0,300.0,360.0,1.0,Rural,Y
LP002067,Male,Yes,1.0,Graduate,Yes,58666,54983.0,376.0,360.0,0.0,Rural,N
LP002068,Male,No,0.0,Graduate,No,54917,50000.0,130.0,360.0,0.0,Rural,Y
LP002082,Male,Yes,0.0,Graduate,Yes,55818,52160.0,184.0,360.0,1.0,Semiurban,Y
LP002086,Female,Yes,0.0,Graduate,No,54333,52451.0,110.0,360.0,1.0,Urban,N
LP002087,Female,No,0.0,Graduate,No,52500,50000.0,67.0,360.0,1.0,Urban,Y
LP002097,Male,No,1.0,Graduate,No,54384,51793.0,117.0,360.0,1.0,Urban,Y
LP002098,Male,No,0.0,Graduate,No,52935,50000.0,98.0,360.0,1.0,Semiurban,Y
LP002100,Male,No,,Graduate,No,52833,50000.0,71.0,360.0,1.0,Urban,Y
LP002101,Male,Yes,0.0,Graduate,Yes,113337,50000.0,490.0,180.0,1.0,Urban,Y
LP002106,Male,Yes,,Graduate,Yes,55503,54490.0,70.0,,1.0,Semiurban,Y
LP002110,Male,Yes,1.0,Graduate,Yes,55250,50688.0,160.0,360.0,1.0,Rural,Y
LP002112,Male,Yes,2.0,Graduate,Yes,52500,54600.0,176.0,360.0,1.0,Rural,Y
LP002113,Female,No,3.0,Not Graduate,No,51830,50000.0,,360.0,0.0,Urban,N
LP002114,Female,No,0.0,Graduate,No,54160,50000.0,71.0,360.0,1.0,Semiurban,Y
LP002115,Male,Yes,3.0,Not Graduate,No,52647,51587.0,173.0,360.0,1.0,Rural,N
LP002116,Female,No,0.0,Graduate,No,52378,50000.0,46.0,360.0,1.0,Rural,N
LP002119,Male,Yes,1.0,Not Graduate,No,54554,51229.0,158.0,360.0,1.0,Urban,Y
LP002126,Male,Yes,3.0,Not Graduate,No,53173,50000.0,74.0,360.0,1.0,Semiurban,Y
LP002128,Male,Yes,2.0,Graduate,Yes,52583,52330.0,125.0,360.0,1.0,Rural,Y
LP002129,Male,Yes,0.0,Graduate,No,52499,52458.0,160.0,360.0,1.0,Semiurban,Y
LP002130,Male,Yes,,Not Graduate,No,53523,53230.0,152.0,360.0,0.0,Rural,N
LP002131,Male,Yes,2.0,Not Graduate,No,53083,52168.0,126.0,360.0,1.0,Urban,Y
LP002137,Male,Yes,0.0,Graduate,No,56333,54583.0,259.0,360.0,,Semiurban,Y
LP002138,Male,Yes,0.0,Graduate,No,52625,56250.0,187.0,360.0,1.0,Rural,Y
LP002139,Male,Yes,0.0,Graduate,No,59083,50000.0,228.0,360.0,1.0,Semiurban,Y
LP002140,Male,No,0.0,Graduate,No,58750,54167.0,308.0,360.0,1.0,Rural,N
LP002141,Male,Yes,3.0,Graduate,No,52666,52083.0,95.0,360.0,1.0,Rural,Y
LP002142,Female,Yes,0.0,Graduate,Yes,55500,50000.0,105.0,360.0,0.0,Rural,N
LP002143,Female,Yes,0.0,Graduate,No,52423,50505.0,130.0,360.0,1.0,Semiurban,Y
LP002144,Female,No,,Graduate,No,53813,50000.0,116.0,180.0,1.0,Urban,Y
LP002149,Male,Yes,2.0,Graduate,No,58333,53167.0,165.0,360.0,1.0,Rural,Y
LP002151,Male,Yes,1.0,Graduate,No,53875,50000.0,67.0,360.0,1.0,Urban,N
LP002158,Male,Yes,0.0,Not Graduate,No,53000,51666.0,100.0,480.0,0.0,Urban,N
LP002160,Male,Yes,3.0,Graduate,No,55167,53167.0,200.0,360.0,1.0,Semiurban,Y
LP002161,Female,No,1.0,Graduate,No,54723,50000.0,81.0,360.0,1.0,Semiurban,N
LP002170,Male,Yes,2.0,Graduate,No,55000,53667.0,236.0,360.0,1.0,Semiurban,Y
LP002175,Male,Yes,0.0,Graduate,No,54750,52333.0,130.0,360.0,1.0,Urban,Y
LP002178,Male,Yes,0.0,Graduate,No,53013,53033.0,95.0,300.0,,Urban,Y
LP002180,Male,No,0.0,Graduate,Yes,56822,50000.0,141.0,360.0,1.0,Rural,Y
LP002181,Male,No,0.0,Not Graduate,No,56216,50000.0,133.0,360.0,1.0,Rural,N
LP002187,Male,No,0.0,Graduate,No,52500,50000.0,96.0,480.0,1.0,Semiurban,N
LP002188,Male,No,0.0,Graduate,No,55124,50000.0,124.0,,0.0,Rural,N
LP002190,Male,Yes,1.0,Graduate,No,56325,50000.0,175.0,360.0,1.0,Semiurban,Y
LP002191,Male,Yes,0.0,Graduate,No,69730,55266.0,570.0,360.0,1.0,Rural,N
LP002194,Female,No,0.0,Graduate,Yes,65759,50000.0,55.0,360.0,1.0,Semiurban,Y
LP002197,Male,Yes,2.0,Graduate,No,55185,50000.0,155.0,360.0,1.0,Semiurban,Y
LP002201,Male,Yes,2.0,Graduate,Yes,59323,57873.0,380.0,300.0,1.0,Rural,Y
LP002205,Male,No,1.0,Graduate,No,53062,51987.0,111.0,180.0,0.0,Urban,N
LP002209,Female,No,0.0,Graduate,Yes,52764,51459.0,110.0,360.0,1.0,Urban,Y
LP002211,Male,Yes,0.0,Graduate,No,54817,50923.0,120.0,180.0,1.0,Urban,Y
LP002219,Male,Yes,3.0,Graduate,No,58750,54996.0,130.0,360.0,1.0,Rural,Y
LP002223,Male,Yes,0.0,Graduate,No,54310,50000.0,130.0,360.0,,Semiurban,Y
LP002224,Male,No,0.0,Graduate,No,53069,50000.0,71.0,480.0,1.0,Urban,N
LP002225,Male,Yes,2.0,Graduate,No,55391,50000.0,130.0,360.0,1.0,Urban,Y
LP002226,Male,Yes,0.0,Graduate,Yes,53333,52500.0,128.0,360.0,1.0,Semiurban,Y
LP002229,Male,No,0.0,Graduate,No,55941,54232.0,296.0,360.0,1.0,Semiurban,Y
LP002231,Female,No,0.0,Graduate,No,56000,50000.0,156.0,360.0,1.0,Urban,Y
LP002234,Male,No,0.0,Graduate,Yes,57167,50000.0,128.0,360.0,1.0,Urban,Y
LP002236,Male,Yes,2.0,Graduate,No,54566,50000.0,100.0,360.0,1.0,Urban,N
LP002237,Male,No,1.0,Graduate,Yes,53667,50000.0,113.0,180.0,1.0,Urban,Y
LP002239,Male,No,0.0,Not Graduate,No,52346,51600.0,132.0,360.0,1.0,Semiurban,Y
LP002243,Male,Yes,0.0,Not Graduate,No,53010,53136.0,,360.0,0.0,Urban,N
LP002244,Male,Yes,0.0,Graduate,No,52333,52417.0,136.0,360.0,1.0,Urban,Y
LP002250,Male,Yes,0.0,Graduate,No,55488,50000.0,125.0,360.0,1.0,Rural,Y
LP002255,Male,No,3.0,Graduate,No,59167,50000.0,185.0,360.0,1.0,Rural,Y
LP002262,Male,Yes,3.0,Graduate,No,59504,50000.0,275.0,360.0,1.0,Rural,Y
LP002263,Male,Yes,0.0,Graduate,No,52583,52115.0,120.0,360.0,,Urban,Y
LP002265,Male,Yes,2.0,Not Graduate,No,51993,51625.0,113.0,180.0,1.0,Semiurban,Y
LP002266,Male,Yes,2.0,Graduate,No,53100,51400.0,113.0,360.0,1.0,Urban,Y
LP002272,Male,Yes,2.0,Graduate,No,53276,50484.0,135.0,360.0,,Semiurban,Y
LP002277,Female,No,0.0,Graduate,No,53180,50000.0,71.0,360.0,0.0,Urban,N
LP002281,Male,Yes,0.0,Graduate,No,53033,51459.0,95.0,360.0,1.0,Urban,Y
LP002284,Male,No,0.0,Not Graduate,No,53902,51666.0,109.0,360.0,1.0,Rural,Y
LP002287,Female,No,0.0,Graduate,No,51500,51800.0,103.0,360.0,0.0,Semiurban,N
LP002288,Male,Yes,2.0,Not Graduate,No,52889,50000.0,45.0,180.0,0.0,Urban,N
LP002296,Male,No,0.0,Not Graduate,No,52755,50000.0,65.0,300.0,1.0,Rural,N
LP002297,Male,No,0.0,Graduate,No,52500,70000.0,103.0,360.0,1.0,Semiurban,Y
LP002300,Female,No,0.0,Not Graduate,No,51963,50000.0,53.0,360.0,1.0,Semiurban,Y
LP002301,Female,No,0.0,Graduate,Yes,57441,50000.0,194.0,360.0,1.0,Rural,N
LP002305,Female,No,0.0,Graduate,No,54547,50000.0,115.0,360.0,1.0,Semiurban,Y
LP002308,Male,Yes,0.0,Not Graduate,No,52167,52400.0,115.0,360.0,1.0,Urban,Y
LP002314,Female,No,0.0,Not Graduate,No,52213,50000.0,66.0,360.0,1.0,Rural,Y
LP002315,Male,Yes,1.0,Graduate,No,58300,50000.0,152.0,300.0,0.0,Semiurban,N
LP002317,Male,Yes,3.0,Graduate,No,131000,50000.0,360.0,360.0,0.0,Rural,N
LP002318,Female,No,1.0,Not Graduate,Yes,53867,50000.0,62.0,360.0,1.0,Semiurban,N
LP002319,Male,Yes,0.0,Graduate,Yes,56256,50000.0,160.0,360.0,,Urban,Y
LP002328,Male,Yes,0.0,Not Graduate,No,56096,50000.0,218.0,360.0,0.0,Rural,N
LP002332,Male,Yes,0.0,Not Graduate,No,52253,52033.0,110.0,360.0,1.0,Rural,Y
LP002335,Female,Yes,0.0,Not Graduate,No,52149,53237.0,178.0,360.0,0.0,Semiurban,N
LP002337,Female,No,0.0,Graduate,No,52995,50000.0,60.0,360.0,1.0,Urban,Y
LP002341,Female,No,1.0,Graduate,No,52600,50000.0,160.0,360.0,1.0,Urban,N
LP002342,Male,Yes,2.0,Graduate,Yes,51600,70000.0,239.0,360.0,1.0,Urban,N
LP002345,Male,Yes,0.0,Graduate,No,51025,52773.0,112.0,360.0,1.0,Rural,Y
LP002347,Male,Yes,0.0,Graduate,No,53246,51417.0,138.0,360.0,1.0,Semiurban,Y
LP002348,Male,Yes,0.0,Graduate,No,55829,50000.0,138.0,360.0,1.0,Rural,Y
LP002357,Female,No,0.0,Not Graduate,No,52720,50000.0,80.0,,0.0,Urban,N
LP002361,Male,Yes,0.0,Graduate,No,51820,51719.0,100.0,360.0,1.0,Urban,Y
LP002362,Male,Yes,1.0,Graduate,No,57250,51667.0,110.0,,0.0,Urban,N
LP002364,Male,Yes,0.0,Graduate,No,64880,50000.0,96.0,360.0,1.0,Semiurban,Y
LP002366,Male,Yes,0.0,Graduate,No,52666,54300.0,121.0,360.0,1.0,Rural,Y
LP002367,Female,No,1.0,Not Graduate,No,54606,50000.0,81.0,360.0,1.0,Rural,N
LP002368,Male,Yes,2.0,Graduate,No,55935,50000.0,133.0,360.0,1.0,Semiurban,Y
LP002369,Male,Yes,0.0,Graduate,No,52920,50016.120000840005,87.0,360.0,1.0,Rural,Y
LP002370,Male,No,0.0,Not Graduate,No,52717,50000.0,60.0,180.0,1.0,Urban,Y
LP002377,Female,No,1.0,Graduate,Yes,58624,50000.0,150.0,360.0,1.0,Semiurban,Y
LP002379,Male,No,0.0,Graduate,No,56500,50000.0,105.0,360.0,0.0,Rural,N
LP002386,Male,No,0.0,Graduate,Yes,62876,50000.0,405.0,360.0,1.0,Semiurban,Y
LP002387,Male,Yes,0.0,Graduate,No,52425,52340.0,143.0,360.0,1.0,Semiurban,Y
LP002390,Male,No,0.0,Graduate,No,53750,50000.0,100.0,360.0,1.0,Urban,Y
LP002398,Male,No,0.0,Graduate,No,51926,51851.0,50.0,360.0,1.0,Semiurban,Y
LP002401,Male,Yes,0.0,Graduate,No,52213,51125.0,,360.0,1.0,Urban,Y
LP002403,Male,No,0.0,Graduate,Yes,60416,50000.0,187.0,360.0,0.0,Urban,N
LP002407,Female,Yes,0.0,Not Graduate,Yes,57142,50000.0,138.0,360.0,1.0,Rural,Y
LP002408,Male,No,0.0,Graduate,No,53660,55064.0,187.0,360.0,1.0,Semiurban,Y
LP002409,Male,Yes,0.0,Graduate,No,57901,51833.0,180.0,360.0,1.0,Rural,Y
LP002418,Male,No,3.0,Not Graduate,No,54707,51993.0,148.0,360.0,1.0,Semiurban,Y
LP002422,Male,No,1.0,Graduate,No,87719,50000.0,152.0,360.0,1.0,Semiurban,Y
LP002424,Male,Yes,0.0,Graduate,No,57333,58333.0,175.0,300.0,,Rural,Y
LP002429,Male,Yes,1.0,Graduate,Yes,53466,51210.0,130.0,360.0,1.0,Rural,Y
LP002434,Male,Yes,2.0,Not Graduate,No,54652,50000.0,110.0,360.0,1.0,Rural,Y
LP002435,Male,Yes,0.0,Graduate,Yes,53539,51376.0,55.0,360.0,1.0,Rural,N
LP002443,Male,Yes,2.0,Graduate,No,53340,51710.0,150.0,360.0,0.0,Rural,N
LP002444,Male,No,1.0,Not Graduate,Yes,52769,51542.0,190.0,360.0,,Semiurban,N
LP002446,Male,Yes,2.0,Not Graduate,No,52309,51255.0,125.0,360.0,0.0,Rural,N
LP002447,Male,Yes,2.0,Not Graduate,No,51958,51456.0,60.0,300.0,,Urban,Y
LP002448,Male,Yes,0.0,Graduate,No,53948,51733.0,149.0,360.0,0.0,Rural,N
LP002449,Male,Yes,0.0,Graduate,No,52483,52466.0,90.0,180.0,0.0,Rural,Y
LP002453,Male,No,0.0,Graduate,Yes,57085,50000.0,84.0,360.0,1.0,Semiurban,Y
LP002455,Male,Yes,2.0,Graduate,No,53859,50000.0,96.0,360.0,1.0,Semiurban,Y
LP002459,Male,Yes,0.0,Graduate,No,54301,50000.0,118.0,360.0,1.0,Urban,Y
LP002467,Male,Yes,0.0,Graduate,No,53708,52569.0,173.0,360.0,1.0,Urban,N
LP002472,Male,No,2.0,Graduate,No,54354,50000.0,136.0,360.0,1.0,Rural,Y
LP002473,Male,Yes,0.0,Graduate,No,58334,50000.0,160.0,360.0,1.0,Semiurban,N
LP002484,Male,Yes,3.0,Graduate,No,57740,50000.0,128.0,180.0,1.0,Urban,Y
LP002487,Male,Yes,0.0,Graduate,No,53015,52188.0,153.0,360.0,1.0,Rural,Y
LP002489,Female,No,1.0,Not Graduate,Yes,55191,50000.0,132.0,360.0,1.0,Semiurban,Y
LP002493,Male,No,0.0,Graduate,No,54166,50000.0,98.0,360.0,0.0,Semiurban,N
LP002494,Male,No,0.0,Graduate,No,56000,50000.0,140.0,360.0,1.0,Rural,Y
LP002500,Male,Yes,3.0,Not Graduate,No,52947,51664.0,70.0,180.0,0.0,Urban,N
LP002502,Female,Yes,2.0,Not Graduate,Yes,50210,52917.0,98.0,360.0,1.0,Semiurban,Y
LP002505,Male,Yes,0.0,Graduate,No,54333,52451.0,110.0,360.0,1.0,Urban,N
LP002515,Male,Yes,1.0,Graduate,Yes,53450,52079.0,162.0,360.0,1.0,Semiurban,Y
LP002517,Male,Yes,1.0,Not Graduate,No,52653,51500.0,113.0,180.0,0.0,Rural,N
LP002519,Male,Yes,3.0,Graduate,No,54691,50000.0,100.0,360.0,1.0,Semiurban,Y
LP002522,Female,No,0.0,Graduate,Yes,52500,50000.0,93.0,360.0,,Urban,Y
LP002524,Male,No,2.0,Graduate,No,55532,54648.0,162.0,360.0,1.0,Rural,Y
LP002527,Male,Yes,2.0,Graduate,Yes,66525,51014.0,150.0,360.0,1.0,Rural,Y
LP002529,Male,Yes,2.0,Graduate,No,56700,51750.0,230.0,300.0,1.0,Semiurban,Y
LP002531,Male,Yes,1.0,Graduate,Yes,66667,52250.0,86.0,360.0,1.0,Semiurban,Y
LP002533,Male,Yes,2.0,Graduate,No,52947,51603.0,,360.0,1.0,Urban,N
LP002534,Female,No,0.0,Not Graduate,No,54350,50000.0,154.0,360.0,1.0,Rural,Y
LP002536,Male,Yes,3.0,Not Graduate,No,53095,50000.0,113.0,360.0,1.0,Rural,Y
LP002537,Male,Yes,0.0,Graduate,No,52083,53150.0,128.0,360.0,1.0,Semiurban,Y
LP002541,Male,Yes,0.0,Graduate,No,60833,50000.0,234.0,360.0,1.0,Semiurban,Y
LP002543,Male,Yes,2.0,Graduate,No,58333,50000.0,246.0,360.0,1.0,Semiurban,Y
LP002544,Male,Yes,1.0,Not Graduate,No,51958,52436.0,131.0,360.0,1.0,Rural,Y
LP002545,Male,No,2.0,Graduate,No,53547,50000.0,80.0,360.0,0.0,Rural,N
LP002547,Male,Yes,1.0,Graduate,No,68333,50000.0,500.0,360.0,1.0,Urban,N
LP002555,Male,Yes,2.0,Graduate,Yes,54583,52083.0,160.0,360.0,1.0,Semiurban,Y
LP002556,Male,No,0.0,Graduate,No,52435,50000.0,75.0,360.0,1.0,Urban,N
LP002560,Male,No,0.0,Not Graduate,No,52699,52785.0,96.0,360.0,,Semiurban,Y
LP002562,Male,Yes,1.0,Not Graduate,No,55333,51131.0,186.0,360.0,,Urban,Y
LP002571,Male,No,0.0,Not Graduate,No,53691,50000.0,110.0,360.0,1.0,Rural,Y
LP002582,Female,No,0.0,Not Graduate,Yes,67263,50000.0,225.0,360.0,1.0,Semiurban,Y
LP002585,Male,Yes,0.0,Graduate,No,53597,52157.0,119.0,360.0,0.0,Rural,N
LP002586,Female,Yes,1.0,Graduate,No,53326,50913.0,105.0,84.0,1.0,Semiurban,Y
LP002587,Male,Yes,0.0,Not Graduate,No,52600,51700.0,107.0,360.0,1.0,Rural,Y
LP002588,Male,Yes,0.0,Graduate,No,54625,52857.0,111.0,12.0,,Urban,Y
LP002600,Male,Yes,1.0,Graduate,Yes,52895,50000.0,95.0,360.0,1.0,Semiurban,Y
LP002602,Male,No,0.0,Graduate,No,56283,54416.0,209.0,360.0,0.0,Rural,N
LP002603,Female,No,0.0,Graduate,No,50645,53683.0,113.0,480.0,1.0,Rural,Y
LP002606,Female,No,0.0,Graduate,No,53159,50000.0,100.0,360.0,1.0,Semiurban,Y
LP002615,Male,Yes,2.0,Graduate,No,54865,55624.0,208.0,360.0,1.0,Semiurban,Y
LP002618,Male,Yes,1.0,Not Graduate,No,54050,55302.0,138.0,360.0,,Rural,N
LP002619,Male,Yes,0.0,Not Graduate,No,53814,51483.0,124.0,300.0,1.0,Semiurban,Y
LP002622,Male,Yes,2.0,Graduate,No,53510,54416.0,243.0,360.0,1.0,Rural,Y
LP002624,Male,Yes,0.0,Graduate,No,70833,56667.0,480.0,360.0,,Urban,Y
LP002626,Male,Yes,0.0,Graduate,Yes,52479,53013.0,188.0,360.0,1.0,Urban,Y
LP002634,Female,No,1.0,Graduate,No,63262,50000.0,40.0,360.0,1.0,Urban,Y
LP002637,Male,No,0.0,Not Graduate,No,53598,51287.0,100.0,360.0,1.0,Rural,N
LP002640,Male,Yes,1.0,Graduate,No,56065,52004.0,250.0,360.0,1.0,Semiurban,Y
LP002643,Male,Yes,2.0,Graduate,No,53283,52035.0,148.0,360.0,1.0,Urban,Y
LP002648,Male,Yes,0.0,Graduate,No,52130,56666.0,70.0,180.0,1.0,Semiurban,N
LP002652,Male,No,0.0,Graduate,No,55815,53666.0,311.0,360.0,1.0,Rural,N
LP002659,Male,Yes,3.0,Graduate,No,53466,53428.0,150.0,360.0,1.0,Rural,Y
LP002670,Female,Yes,2.0,Graduate,No,52031,51632.0,113.0,480.0,1.0,Semiurban,Y
LP002682,Male,Yes,,Not Graduate,No,53074,51800.0,123.0,360.0,0.0,Semiurban,N
LP002683,Male,No,0.0,Graduate,No,54683,51915.0,185.0,360.0,1.0,Semiurban,N
LP002684,Female,No,0.0,Not Graduate,No,53400,50000.0,95.0,360.0,1.0,Rural,N
LP002689,Male,Yes,2.0,Not Graduate,No,52192,51742.0,45.0,360.0,1.0,Semiurban,Y
LP002690,Male,No,0.0,Graduate,No,52500,50000.0,55.0,360.0,1.0,Semiurban,Y
LP002692,Male,Yes,3.0,Graduate,Yes,55677,51424.0,100.0,360.0,1.0,Rural,Y
LP002693,Male,Yes,2.0,Graduate,Yes,57948,57166.0,480.0,360.0,1.0,Rural,Y
LP002697,Male,No,0.0,Graduate,No,54680,52087.0,,360.0,1.0,Semiurban,N
LP002699,Male,Yes,2.0,Graduate,Yes,67500,50000.0,400.0,360.0,1.0,Rural,Y
LP002705,Male,Yes,0.0,Graduate,No,53775,50000.0,110.0,360.0,1.0,Semiurban,Y
LP002706,Male,Yes,1.0,Not Graduate,No,55285,51430.0,161.0,360.0,0.0,Semiurban,Y
LP002714,Male,No,1.0,Not Graduate,No,52679,51302.0,94.0,360.0,1.0,Semiurban,Y
LP002716,Male,No,0.0,Not Graduate,No,56783,50000.0,130.0,360.0,1.0,Semiurban,Y
LP002717,Male,Yes,0.0,Graduate,No,51025,55500.0,216.0,360.0,,Rural,Y
LP002720,Male,Yes,3.0,Graduate,No,54281,50000.0,100.0,360.0,1.0,Urban,Y
LP002723,Male,No,2.0,Graduate,No,53588,50000.0,110.0,360.0,0.0,Rural,N
LP002729,Male,No,1.0,Graduate,No,61250,50000.0,196.0,360.0,,Semiurban,N
LP002731,Female,No,0.0,Not Graduate,Yes,68165,50000.0,125.0,360.0,1.0,Urban,Y
LP002732,Male,No,0.0,Not Graduate,Yes,52550,52042.0,126.0,360.0,1.0,Rural,Y
LP002734,Male,Yes,0.0,Graduate,No,56133,53906.0,324.0,360.0,1.0,Urban,Y
LP002738,Male,No,2.0,Graduate,No,53617,50000.0,107.0,360.0,1.0,Semiurban,Y
LP002739,Male,Yes,0.0,Not Graduate,No,52917,50536.0,66.0,360.0,1.0,Rural,N
LP002740,Male,Yes,3.0,Graduate,No,56417,50000.0,157.0,180.0,1.0,Rural,Y
LP002741,Female,Yes,1.0,Graduate,No,54608,52845.0,140.0,180.0,1.0,Semiurban,Y
LP002743,Female,No,0.0,Graduate,No,52138,50000.0,99.0,360.0,0.0,Semiurban,N
LP002753,Female,No,1.0,Graduate,Yes,53652,50000.0,95.0,360.0,1.0,Semiurban,Y
LP002755,Male,Yes,1.0,Not Graduate,No,52239,52524.0,128.0,360.0,1.0,Urban,Y
LP002757,Female,Yes,0.0,Not Graduate,No,53017,50663.0,102.0,360.0,,Semiurban,Y
LP002767,Male,Yes,0.0,Graduate,No,52768,51950.0,155.0,360.0,1.0,Rural,Y
LP002768,Male,No,0.0,Not Graduate,No,53358,50000.0,80.0,36.0,1.0,Semiurban,N
LP002772,Male,No,0.0,Graduate,No,52526,51783.0,145.0,360.0,1.0,Rural,Y
LP002776,Female,No,0.0,Graduate,No,55000,50000.0,103.0,360.0,0.0,Semiurban,N
LP002777,Male,Yes,0.0,Graduate,No,52785,52016.0,110.0,360.0,1.0,Rural,Y
LP002778,Male,Yes,2.0,Graduate,Yes,56633,50000.0,,360.0,0.0,Rural,N
LP002784,Male,Yes,1.0,Not Graduate,No,52492,52375.0,,360.0,1.0,Rural,Y
LP002785,Male,Yes,1.0,Graduate,No,53333,53250.0,158.0,360.0,1.0,Urban,Y
LP002788,Male,Yes,0.0,Not Graduate,No,52454,52333.0,181.0,360.0,0.0,Urban,N
LP002789,Male,Yes,0.0,Graduate,No,53593,54266.0,132.0,180.0,0.0,Rural,N
LP002792,Male,Yes,1.0,Graduate,No,55468,51032.0,26.0,360.0,1.0,Semiurban,Y
LP002794,Female,No,0.0,Graduate,No,52667,51625.0,84.0,360.0,,Urban,Y
LP002795,Male,Yes,3.0,Graduate,Yes,60139,50000.0,260.0,360.0,1.0,Semiurban,Y
LP002798,Male,Yes,0.0,Graduate,No,53887,52669.0,162.0,360.0,1.0,Semiurban,Y
LP002804,Female,Yes,0.0,Graduate,No,54180,52306.0,182.0,360.0,1.0,Semiurban,Y
LP002807,Male,Yes,2.0,Not Graduate,No,53675,50242.0,108.0,360.0,1.0,Semiurban,Y
LP002813,Female,Yes,1.0,Graduate,Yes,69484,50000.0,600.0,360.0,1.0,Semiurban,Y
LP002820,Male,Yes,0.0,Graduate,No,55923,52054.0,211.0,360.0,1.0,Rural,Y
LP002821,Male,No,0.0,Not Graduate,Yes,55800,50000.0,132.0,360.0,1.0,Semiurban,Y
LP002832,Male,Yes,2.0,Graduate,No,58799,50000.0,258.0,360.0,0.0,Urban,N
LP002833,Male,Yes,0.0,Not Graduate,No,54467,50000.0,120.0,360.0,,Rural,Y
LP002836,Male,No,0.0,Graduate,No,53333,50000.0,70.0,360.0,1.0,Urban,Y
LP002837,Male,Yes,3.0,Graduate,No,53400,52500.0,123.0,360.0,0.0,Rural,N
LP002840,Female,No,0.0,Graduate,No,52378,50000.0,9.0,360.0,1.0,Urban,N
LP002841,Male,Yes,0.0,Graduate,No,53166,52064.0,104.0,360.0,0.0,Urban,N
LP002842,Male,Yes,1.0,Graduate,No,53417,51750.0,186.0,360.0,1.0,Urban,Y
LP002847,Male,Yes,,Graduate,No,55116,51451.0,165.0,360.0,0.0,Urban,N
LP002855,Male,Yes,2.0,Graduate,No,66666,50000.0,275.0,360.0,1.0,Urban,Y
LP002862,Male,Yes,2.0,Not Graduate,No,56125,51625.0,187.0,480.0,1.0,Semiurban,N
LP002863,Male,Yes,3.0,Graduate,No,56406,50000.0,150.0,360.0,1.0,Semiurban,N
LP002868,Male,Yes,2.0,Graduate,No,53159,50461.0,108.0,84.0,1.0,Urban,Y
LP002874,Male,No,0.0,Graduate,No,53229,52739.0,110.0,360.0,1.0,Urban,Y
LP002877,Male,Yes,1.0,Graduate,No,51782,52232.0,107.0,360.0,1.0,Rural,Y
LP002888,Male,No,0.0,Graduate,Yes,53182,52917.0,161.0,360.0,1.0,Urban,Y
LP002892,Male,Yes,2.0,Graduate,No,56540,50000.0,205.0,360.0,1.0,Semiurban,Y
LP002893,Male,No,0.0,Graduate,No,51836,83837.0,90.0,360.0,1.0,Urban,N
LP002894,Female,Yes,0.0,Graduate,No,53166,50000.0,36.0,360.0,1.0,Semiurban,Y
LP002898,Male,Yes,1.0,Graduate,No,51880,50000.0,61.0,360.0,,Rural,N
LP002911,Male,Yes,1.0,Graduate,No,52787,51917.0,146.0,360.0,0.0,Rural,N
LP002912,Male,Yes,1.0,Graduate,No,54283,53000.0,172.0,84.0,1.0,Rural,N
LP002916,Male,Yes,0.0,Graduate,No,52297,51522.0,104.0,360.0,1.0,Urban,Y
LP002917,Female,No,0.0,Not Graduate,No,52165,50000.0,70.0,360.0,1.0,Semiurban,Y
LP002926,Male,Yes,2.0,Graduate,Yes,52726,50000.0,106.0,360.0,0.0,Semiurban,N
LP002928,Male,Yes,0.0,Graduate,No,53000,53416.0,56.0,180.0,1.0,Semiurban,Y
LP002931,Male,Yes,2.0,Graduate,Yes,56000,50000.0,205.0,240.0,1.0,Semiurban,N
LP002936,Male,Yes,0.0,Graduate,No,53859,53300.0,142.0,180.0,1.0,Rural,Y
LP002938,Male,Yes,0.0,Graduate,Yes,66120,50000.0,260.0,360.0,1.0,Urban,Y
LP002940,Male,No,0.0,Not Graduate,No,53833,50000.0,110.0,360.0,1.0,Rural,Y
LP002941,Male,Yes,2.0,Not Graduate,Yes,56383,51000.0,187.0,360.0,1.0,Rural,N
LP002943,Male,No,,Graduate,No,52987,50000.0,88.0,360.0,0.0,Semiurban,N
LP002945,Male,Yes,0.0,Graduate,Yes,59963,50000.0,180.0,360.0,1.0,Rural,Y
LP002948,Male,Yes,2.0,Graduate,No,55780,50000.0,192.0,360.0,1.0,Urban,Y
LP002949,Female,No,3.0,Graduate,Yes,50416,91667.0,350.0,180.0,,Urban,N
LP002950,Male,Yes,0.0,Not Graduate,Yes,52894,52792.0,155.0,360.0,1.0,Rural,Y
LP002953,Male,Yes,3.0,Graduate,No,55703,50000.0,128.0,360.0,1.0,Urban,Y
LP002958,Male,No,0.0,Graduate,No,53676,54301.0,172.0,360.0,1.0,Rural,Y
LP002959,Female,Yes,1.0,Graduate,No,62000,50000.0,496.0,360.0,1.0,Semiurban,Y
LP002960,Male,Yes,0.0,Not Graduate,No,52400,53800.0,,180.0,1.0,Urban,N
LP002961,Male,Yes,1.0,Graduate,No,53400,52500.0,173.0,360.0,1.0,Semiurban,Y
LP002964,Male,Yes,2.0,Not Graduate,No,53987,51411.0,157.0,360.0,1.0,Rural,Y
LP002974,Male,Yes,0.0,Graduate,No,53232,51950.0,108.0,360.0,1.0,Rural,Y
LP002978,Female,No,0.0,Graduate,No,52900,50000.0,71.0,360.0,1.0,Rural,Y
LP002979,Male,Yes,3.0,Graduate,No,54106,50000.0,40.0,180.0,1.0,Rural,Y
LP002983,Male,Yes,1.0,Graduate,No,58072,50240.0,253.0,360.0,1.0,Urban,Y
LP002984,Male,Yes,2.0,Graduate,No,57583,50000.0,187.0,360.0,1.0,Urban,Y
LP002990,Female,No,0.0,Graduate,Yes,54583,50000.0,133.0,360.0,0.0,Semiurban,N
